Name,Slug,Collection ID,Locale ID,Item ID,Archived,Draft,Created On,Updated On,Published On,Title,Profile Photo,Twitter,LinkedIn,Role,Team Order
Adam Waterous,adam-waterous,679d23fc682f2bf860558cdc,679d23fc682f2bf860558c9d,67b792c18680aacde713a6c2,false,false,Thu Feb 20 2025 20:38:25 GMT+0000 (Coordinated Universal Time),Thu Feb 20 2025 20:38:25 GMT+0000 (Coordinated Universal Time),Wed Jun 18 2025 17:34:55 GMT+0000 (Coordinated Universal Time),CEO at Waterous Energy Fund,https://cdn.prod.website-files.com/679d23fc682f2bf860558cbc/67b792bd8e499bebb8af7a17_adam-waterous.jpeg,,https://www.linkedin.com/in/adam-waterous-586391172/,,
Aidan Tracey,aidan-tracey,679d23fc682f2bf860558cdc,679d23fc682f2bf860558c9d,67a101efbc41b2825c6a1b63,false,false,Mon Feb 03 2025 17:50:39 GMT+0000 (Coordinated Universal Time),Fri Apr 11 2025 14:29:49 GMT+0000 (Coordinated Universal Time),Wed Jun 18 2025 17:34:55 GMT+0000 (Coordinated Universal Time),CEO Tracxtion,https://cdn.prod.website-files.com/679d23fc682f2bf860558cbc/67f9275b8a0e0e3d6157f96a_WhatsApp%20Image%202025-04-11%20at%2010.27.04%20AM.jpeg,,https://www.linkedin.com/in/aidantracey/,,
Ajay Agrawal,ajay-agrawal,679d23fc682f2bf860558cdc,679d23fc682f2bf860558c9d,693ad3719963b25cf164b0e8,false,false,Thu Dec 11 2025 14:21:37 GMT+0000 (Coordinated Universal Time),Fri Dec 12 2025 20:04:32 GMT+0000 (Coordinated Universal Time),Fri Dec 12 2025 21:55:50 GMT+0000 (Coordinated Universal Time),"Professor, Univ. of Toronto",https://cdn.prod.website-files.com/679d23fc682f2bf860558cbc/693ad36d8aa538f03e9993df_row2.Ajay-Agrawal-scaled-e1693577110626.jpg,,,,
Amanda Rose,amanda-rose,679d23fc682f2bf860558cdc,679d23fc682f2bf860558c9d,68dd9423ea954987cc91c712,false,false,Wed Oct 01 2025 20:50:43 GMT+0000 (Coordinated Universal Time),Thu Mar 05 2026 18:59:56 GMT+0000 (Coordinated Universal Time),Thu Mar 05 2026 19:05:21 GMT+0000 (Coordinated Universal Time),Community Lead,https://cdn.prod.website-files.com/679d23fc682f2bf860558cbc/68dd941b66553a84b5f2c30e_1685913531053.jpeg,https://x.com/amanda,https://www.linkedin.com/in/amandalindsayrose/,,10
Ana Curic,ana-curic,679d23fc682f2bf860558cdc,679d23fc682f2bf860558c9d,67a27af1ebc390b001f20972,false,false,Tue Feb 04 2025 20:39:13 GMT+0000 (Coordinated Universal Time),Wed Oct 01 2025 20:37:16 GMT+0000 (Coordinated Universal Time),Wed Oct 01 2025 20:55:53 GMT+0000 (Coordinated Universal Time),Policy Advisor,https://cdn.prod.website-files.com/679d23fc682f2bf860558cbc/67a27f6204a441e42c3e6ecf_ana-curic-350x350-1.jpg,https://x.com/anacuric,https://www.linkedin.com/in/ana-curic-a23a08164/,Volunteer,1
Andrew Graham,andrew-graham,679d23fc682f2bf860558cdc,679d23fc682f2bf860558c9d,67a1022c8d30c4bf694e8087,false,false,Mon Feb 03 2025 17:51:40 GMT+0000 (Coordinated Universal Time),Fri Mar 21 2025 15:42:23 GMT+0000 (Coordinated Universal Time),Wed Jun 18 2025 17:34:55 GMT+0000 (Coordinated Universal Time),Co-founder & CEO at Borrowell,https://cdn.prod.website-files.com/679d23fc682f2bf860558cbc/67a102271f335afe5447a76a_andrew-graham.jpeg,https://x.com/andrewtgraham,https://www.linkedin.com/in/andrewtgraham/,,
Andrew Potter,andrew-potter,679d23fc682f2bf860558cdc,679d23fc682f2bf860558c9d,67bb7245506aef5de0d9a93a,false,false,Sun Feb 23 2025 19:08:53 GMT+0000 (Coordinated Universal Time),Thu Mar 05 2026 18:54:19 GMT+0000 (Coordinated Universal Time),Thu Mar 05 2026 19:05:21 GMT+0000 (Coordinated Universal Time),Contract Media,https://cdn.prod.website-files.com/679d23fc682f2bf860558cbc/67bb722cb76f9faa28d3022e_andrew-potter.jpeg,,https://www.linkedin.com/in/jandrewpotter/,Team,5
Annika Lewis,annika-lewis,679d23fc682f2bf860558cdc,679d23fc682f2bf860558c9d,69447712461e5660b252c27d,false,false,Thu Dec 18 2025 21:50:10 GMT+0000 (Coordinated Universal Time),Thu Mar 05 2026 19:04:07 GMT+0000 (Coordinated Universal Time),Thu Mar 05 2026 19:05:21 GMT+0000 (Coordinated Universal Time),Vancouver Events,https://cdn.prod.website-files.com/679d23fc682f2bf860558cbc/6944770a99ce3a302a692003_annika%2Blewis.webp,,https://www.linkedin.com/in/annika-lewis,,17
Anthony Lacavera,anthony-lacavera,679d23fc682f2bf860558cdc,679d23fc682f2bf860558c9d,67a102ac311c350ea61a5bc7,false,false,Mon Feb 03 2025 17:53:48 GMT+0000 (Coordinated Universal Time),Mon Feb 03 2025 17:53:48 GMT+0000 (Coordinated Universal Time),Wed Jun 18 2025 17:34:55 GMT+0000 (Coordinated Universal Time),"Founder Globalive, Ex-CEO Wind",https://cdn.prod.website-files.com/679d23fc682f2bf860558cbc/67a1025a861c85927c8fb863_anthony-lacavera.jpeg,,https://www.linkedin.com/in/anthonylacavera/,,
Barry Zekelman,barry-zekelman,679d23fc682f2bf860558cdc,679d23fc682f2bf860558c9d,68fa14d6b3c004681279c120,false,false,Thu Oct 23 2025 11:43:18 GMT+0000 (Coordinated Universal Time),Thu Oct 23 2025 11:43:22 GMT+0000 (Coordinated Universal Time),Thu Oct 23 2025 20:13:19 GMT+0000 (Coordinated Universal Time),CEO Zekelman Industries,https://cdn.prod.website-files.com/679d23fc682f2bf860558cbc/68fa14d27b5d3a8cd11a3b88_barry-zekelman.png,,,,
Ben Parry,ben-parry,679d23fc682f2bf860558cdc,679d23fc682f2bf860558c9d,679d23fc682f2bf860558d01,false,false,Fri Jan 24 2025 00:25:47 GMT+0000 (Coordinated Universal Time),Thu Mar 05 2026 17:03:14 GMT+0000 (Coordinated Universal Time),Thu Mar 05 2026 19:05:21 GMT+0000 (Coordinated Universal Time),Contract Memos,https://cdn.prod.website-files.com/679d23fc682f2bf860558cbc/679d23fc682f2bf860558d07_ben_parry.jpeg,https://x.com/_benjaminparry,https://www.linkedin.com/in/parrybenjamin/,,5
Benjamin Alarie,benjamin-alarie,679d23fc682f2bf860558cdc,679d23fc682f2bf860558c9d,67ace55f8267645540ee854e,false,false,Wed Feb 12 2025 18:15:59 GMT+0000 (Coordinated Universal Time),Wed Feb 12 2025 18:15:59 GMT+0000 (Coordinated Universal Time),Wed Jun 18 2025 17:34:55 GMT+0000 (Coordinated Universal Time),Founder & CEO Blue J,https://cdn.prod.website-files.com/679d23fc682f2bf860558cbc/67ace54543fd0a7567126229_1730812435216.jpeg,https://x.com/BAlarie,https://www.linkedin.com/in/balarie/,,
Boris Wertz,boris-wertz,679d23fc682f2bf860558cdc,679d23fc682f2bf860558c9d,69725efac9e73b73e9b9d303,false,false,Thu Jan 22 2026 17:31:38 GMT+0000 (Coordinated Universal Time),Thu Jan 22 2026 18:40:50 GMT+0000 (Coordinated Universal Time),Thu Jan 22 2026 21:06:54 GMT+0000 (Coordinated Universal Time),Founder Version One Ventures,https://cdn.prod.website-files.com/679d23fc682f2bf860558cbc/69725ef4dec7cc54bc5e4b19_boris-wertz.jpg,,,,
Brad Carr,brad-carr,679d23fc682f2bf860558cdc,679d23fc682f2bf860558c9d,67e168e50ee4c99553d244d9,false,false,Mon Mar 24 2025 14:15:01 GMT+0000 (Coordinated Universal Time),Mon Mar 24 2025 14:15:01 GMT+0000 (Coordinated Universal Time),Wed Jun 18 2025 17:34:55 GMT+0000 (Coordinated Universal Time),CEO Mattamy Homes Canada,https://cdn.prod.website-files.com/679d23fc682f2bf860558cbc/67e167e9f1204265bcf8e56a_brad-carr.jpeg,,https://www.linkedin.com/in/carr-brad/,,
Brendan Samek,brendan-samek,679d23fc682f2bf860558cdc,679d23fc682f2bf860558c9d,6854328162b801ff877f203b,false,true,Thu Jun 19 2025 15:53:37 GMT+0000 (Coordinated Universal Time),Thu Mar 05 2026 18:39:25 GMT+0000 (Coordinated Universal Time),Fri Dec 19 2025 15:05:55 GMT+0000 (Coordinated Universal Time),Head of Engineering,https://cdn.prod.website-files.com/679d23fc682f2bf860558cbc/6854329f04b0ae4bfe017233_brendan.jpeg,https://x.com/brendan_samek,https://www.linkedin.com/in/brendan-samek/,Team,2
Brice Scheschuk,brice-scheschuk,679d23fc682f2bf860558cdc,679d23fc682f2bf860558c9d,67a1050a7f85a389b66d6e89,false,false,Mon Feb 03 2025 18:03:54 GMT+0000 (Coordinated Universal Time),Mon Mar 09 2026 13:46:59 GMT+0000 (Coordinated Universal Time),Mon Mar 09 2026 13:46:59 GMT+0000 (Coordinated Universal Time),"Managing Partner, Globalive",https://cdn.prod.website-files.com/679d23fc682f2bf860558cbc/67a2198b82393df7c772dfa8_Brice_Scheschuk.jpg,https://x.com/scheschuk,https://www.linkedin.com/in/brice-scheschuk-cpa-ca-095721a/,,
Build Canada,build-canada,679d23fc682f2bf860558cdc,679d23fc682f2bf860558c9d,697b7f085fa092698cb24c48,false,false,Thu Jan 29 2026 15:38:48 GMT+0000 (Coordinated Universal Time),Thu Feb 26 2026 16:52:00 GMT+0000 (Coordinated Universal Time),Thu Mar 05 2026 19:05:21 GMT+0000 (Coordinated Universal Time),Memo,https://cdn.prod.website-files.com/679d23fc682f2bf860558cbc/697b7ef8474af24d980829e0_Logo%20Box.png,,,,
Chris Doornbos,chris-doornbos,679d23fc682f2bf860558cdc,679d23fc682f2bf860558c9d,69037a0f0f58a9488393a4c0,false,false,Thu Oct 30 2025 14:45:35 GMT+0000 (Coordinated Universal Time),Thu Oct 30 2025 15:50:48 GMT+0000 (Coordinated Universal Time),Mon Nov 03 2025 22:22:36 GMT+0000 (Coordinated Universal Time),CEO of E3 Lithium,https://cdn.prod.website-files.com/679d23fc682f2bf860558cbc/6903895594922f52c092c45b_Macleans_headshot_square.jpeg,,,,
Clara de Oliveira Borba,clara-de-oliveira-borba,679d23fc682f2bf860558cdc,679d23fc682f2bf860558c9d,69a9d132806824155cae8ef3,false,false,Thu Mar 05 2026 18:53:38 GMT+0000 (Coordinated Universal Time),Thu Mar 05 2026 18:54:38 GMT+0000 (Coordinated Universal Time),Thu Mar 05 2026 19:05:21 GMT+0000 (Coordinated Universal Time),Co-Op Memos,https://cdn.prod.website-files.com/679d23fc682f2bf860558cbc/69a9d11d0ddf4ca7bccda860_Clara.webp,,https://www.linkedin.com/in/claradeoliveiraborba/,Team,7
Daniel Debow,dan-debow,679d23fc682f2bf860558cdc,679d23fc682f2bf860558c9d,679d23fc682f2bf860558cff,false,false,Fri Jan 24 2025 00:23:27 GMT+0000 (Coordinated Universal Time),Thu Jun 26 2025 16:45:40 GMT+0000 (Coordinated Universal Time),Thu Jun 26 2025 16:47:22 GMT+0000 (Coordinated Universal Time),3x Founder,https://cdn.prod.website-files.com/679d23fc682f2bf860558cbc/679d23fc682f2bf860558cdd_dan_debow.jpg,https://x.com/ddebow,https://www.linkedin.com/in/ddebow/,,
Daniel Debow,daniel-debow-2,679d23fc682f2bf860558cdc,679d23fc682f2bf860558c9d,685d77b12b7e482253d06166,false,false,Thu Jun 26 2025 16:39:13 GMT+0000 (Coordinated Universal Time),Thu Jun 26 2025 16:45:16 GMT+0000 (Coordinated Universal Time),Thu Jun 26 2025 16:47:22 GMT+0000 (Coordinated Universal Time),Chair of the Board,https://cdn.prod.website-files.com/679d23fc682f2bf860558cbc/679d23fc682f2bf860558cdd_dan_debow.jpg,https://x.com/ddebow,https://www.linkedin.com/in/ddebow/,Board,
Daniel Eberhard,daniel-eberhard,679d23fc682f2bf860558cdc,679d23fc682f2bf860558c9d,67a1050afb9e2344d42a7f09,false,false,Mon Feb 03 2025 18:03:54 GMT+0000 (Coordinated Universal Time),Mon Feb 03 2025 20:48:30 GMT+0000 (Coordinated Universal Time),Wed Jun 18 2025 17:34:55 GMT+0000 (Coordinated Universal Time),Founder & CEO Koho,https://cdn.prod.website-files.com/679d23fc682f2bf860558cbc/67a1050afb9e2344d42a7ed4_1598795500173.jpeg,https://x.com/DanEbs,https://www.linkedin.com/in/danieleberhard/,,
Donna Litt,donna-litt,679d23fc682f2bf860558cdc,679d23fc682f2bf860558c9d,67a12a87eb3df30ef64fd758,false,false,Mon Feb 03 2025 20:43:51 GMT+0000 (Coordinated Universal Time),Mon Feb 03 2025 20:43:51 GMT+0000 (Coordinated Universal Time),Wed Jun 18 2025 17:34:55 GMT+0000 (Coordinated Universal Time),COO Uvaro,https://cdn.prod.website-files.com/679d23fc682f2bf860558cbc/67a12a87eb3df30ef64fd747_1722084732339.jpeg,,https://www.linkedin.com/in/donnalitt/,,
Drew Stevens,drew-stevens,679d23fc682f2bf860558cdc,679d23fc682f2bf860558c9d,68dd94523616e1c91ca51d8f,false,false,Wed Oct 01 2025 20:51:30 GMT+0000 (Coordinated Universal Time),Thu Mar 05 2026 19:00:09 GMT+0000 (Coordinated Universal Time),Thu Mar 05 2026 19:05:21 GMT+0000 (Coordinated Universal Time),Merch Lead,https://cdn.prod.website-files.com/679d23fc682f2bf860558cbc/68dd94473c02b0e0cd819c72_1643297523273.jpeg,https://x.com/drwstvns,https://www.linkedin.com/in/drew-stevens-b04b2042/,,11
Edward Kholodenko,edward-kholodenko,679d23fc682f2bf860558cdc,679d23fc682f2bf860558c9d,67a1050ae3484468e95949b6,false,false,Mon Feb 03 2025 18:03:54 GMT+0000 (Coordinated Universal Time),Mon Feb 03 2025 23:54:36 GMT+0000 (Coordinated Universal Time),Wed Jun 18 2025 17:34:55 GMT+0000 (Coordinated Universal Time),CEO Questrade,https://cdn.prod.website-files.com/679d23fc682f2bf860558cbc/67a157360d4a6c316ddfcf2c_Rectangle%20245.png,,,,
Eliot Pence,eliot-pence,679d23fc682f2bf860558cdc,679d23fc682f2bf860558c9d,688cfd23cafec8c49032babc,false,false,Fri Aug 01 2025 17:45:07 GMT+0000 (Coordinated Universal Time),Tue Aug 05 2025 15:20:58 GMT+0000 (Coordinated Universal Time),Tue Aug 05 2025 15:20:58 GMT+0000 (Coordinated Universal Time),Founder Tofino Capital,https://cdn.prod.website-files.com/679d23fc682f2bf860558cbc/688cfd455c6a5f80328a47c8_Eliot%20Pence.jpeg,,,,
Eric Lombardi,eric-lombardi,679d23fc682f2bf860558cdc,679d23fc682f2bf860558c9d,68dd91347e73da6f1d2e44ac,false,false,Wed Oct 01 2025 20:38:12 GMT+0000 (Coordinated Universal Time),Thu Mar 05 2026 18:57:49 GMT+0000 (Coordinated Universal Time),Thu Mar 05 2026 19:05:21 GMT+0000 (Coordinated Universal Time),Build Toronto Chair,https://cdn.prod.website-files.com/679d23fc682f2bf860558cbc/68dd9131f51b5724dbc7ab95_1666822751688.jpeg,https://x.com/EricDLombardi,https://www.linkedin.com/in/ericlombardi/,,2
Farhan Thawar,farhan-thawar,679d23fc682f2bf860558cdc,679d23fc682f2bf860558c9d,67a12a866597e99465115f33,false,false,Mon Feb 03 2025 20:43:50 GMT+0000 (Coordinated Universal Time),Mon Feb 03 2025 20:43:50 GMT+0000 (Coordinated Universal Time),Wed Jun 18 2025 17:34:55 GMT+0000 (Coordinated Universal Time),VP Engineering Shopify,https://cdn.prod.website-files.com/679d23fc682f2bf860558cbc/67a12a866597e99465115f2d_1548734734043.jpeg,https://x.com/fnthawar,https://www.linkedin.com/in/fnthawar/,,
Fiona McKean,fiona-mckean,679d23fc682f2bf860558cdc,679d23fc682f2bf860558c9d,68dd8f447cfd9fbdb9250a8f,false,false,Wed Oct 01 2025 20:29:56 GMT+0000 (Coordinated Universal Time),Wed Oct 01 2025 20:29:59 GMT+0000 (Coordinated Universal Time),Wed Oct 01 2025 20:55:53 GMT+0000 (Coordinated Universal Time),Board Member,https://cdn.prod.website-files.com/679d23fc682f2bf860558cbc/68dd8f15c364df9e5e10f19a_1576877829952.jpeg,https://x.com/FionaMcK,https://www.linkedin.com/in/fiona-mckean-591937b5/,Board,
George Babu,george-babu,679d23fc682f2bf860558cdc,679d23fc682f2bf860558c9d,67f6a6dae7e36424d1242ceb,false,false,Wed Apr 09 2025 16:56:58 GMT+0000 (Coordinated Universal Time),Wed Apr 09 2025 18:04:01 GMT+0000 (Coordinated Universal Time),Wed Jun 18 2025 17:34:55 GMT+0000 (Coordinated Universal Time),Founder Aire Labs,https://cdn.prod.website-files.com/679d23fc682f2bf860558cbc/67f6a6cbaa806139a14a7599_george-babu.jpeg,https://x.com/georgebabu,https://www.linkedin.com/in/georgebabu/,,
Harley Finkelstein,harley-finkelstein,679d23fc682f2bf860558cdc,679d23fc682f2bf860558c9d,67a2529fe24ae910b475c7a5,false,false,Tue Feb 04 2025 17:47:11 GMT+0000 (Coordinated Universal Time),Tue Feb 04 2025 17:47:11 GMT+0000 (Coordinated Universal Time),Wed Jun 18 2025 17:34:55 GMT+0000 (Coordinated Universal Time),President Shopify,https://cdn.prod.website-files.com/679d23fc682f2bf860558cbc/67a25291ac439909bf88f1c6_harley.jpeg,https://x.com/harleyf,https://www.linkedin.com/in/harleyf/,,
Heather Reisman,heather-reisman,679d23fc682f2bf860558cdc,679d23fc682f2bf860558c9d,69271cd51602a7f1bb2fb503,false,false,Wed Nov 26 2025 15:29:25 GMT+0000 (Coordinated Universal Time),Wed Nov 26 2025 15:51:05 GMT+0000 (Coordinated Universal Time),Fri Nov 28 2025 21:28:44 GMT+0000 (Coordinated Universal Time),Founder & CEO Indigo,https://cdn.prod.website-files.com/679d23fc682f2bf860558cbc/692721e62b2e0b24c9390942_heather-reisman.png,,,,
Hunter Scharfe,hunter-scharfe,679d23fc682f2bf860558cdc,679d23fc682f2bf860558c9d,68dd918bd4e4f896133c4bd1,false,false,Wed Oct 01 2025 20:39:39 GMT+0000 (Coordinated Universal Time),Thu Mar 05 2026 19:02:59 GMT+0000 (Coordinated Universal Time),Thu Mar 05 2026 19:05:21 GMT+0000 (Coordinated Universal Time),Vancouver Chapter Lead,https://cdn.prod.website-files.com/679d23fc682f2bf860558cbc/68dd917d20bf6d3042bcde9f_1738898931671.jpeg,https://x.com/hunterscharfe,https://www.linkedin.com/in/hunterscharfe/,,13
Ivan Zhang,ivan-zhang,679d23fc682f2bf860558cdc,679d23fc682f2bf860558c9d,67a12a8647b6ef581cb2576f,false,false,Mon Feb 03 2025 20:43:50 GMT+0000 (Coordinated Universal Time),Tue Oct 07 2025 20:31:50 GMT+0000 (Coordinated Universal Time),Wed Oct 22 2025 18:39:45 GMT+0000 (Coordinated Universal Time),Co-Founder Cohere,https://cdn.prod.website-files.com/679d23fc682f2bf860558cbc/67a12a8647b6ef581cb25765_1677271969811.jpeg,https://x.com/1vnzh,https://www.linkedin.com/in/1vnzh/,,
Jamie McDonald,jamie-mcdonald,679d23fc682f2bf860558cdc,679d23fc682f2bf860558c9d,67eea480517c957c842d4e16,false,false,Thu Apr 03 2025 15:08:48 GMT+0000 (Coordinated Universal Time),Thu Apr 03 2025 15:08:48 GMT+0000 (Coordinated Universal Time),Wed Jun 18 2025 17:34:55 GMT+0000 (Coordinated Universal Time),CEO A2X,https://cdn.prod.website-files.com/679d23fc682f2bf860558cbc/67eea4791b7440901fec46a0_jamie.jpeg,,https://www.linkedin.com/in/jamiemcdonald/,,
Jeff Adamson,jeff-adamson,679d23fc682f2bf860558cdc,679d23fc682f2bf860558c9d,67a12a8681b15052211e68c4,false,true,Mon Feb 03 2025 20:43:50 GMT+0000 (Coordinated Universal Time),Thu Dec 18 2025 21:54:41 GMT+0000 (Coordinated Universal Time),Wed Jun 18 2025 17:34:55 GMT+0000 (Coordinated Universal Time),Co-Founder Neo Financial,https://cdn.prod.website-files.com/679d23fc682f2bf860558cbc/67a12a8681b15052211e6889_1592964980753.jpeg,https://x.com/jeffcanadamson,https://www.linkedin.com/in/jeffadamson/,,
Jeff Adamson ,jeff-adamson-2,679d23fc682f2bf860558cdc,679d23fc682f2bf860558c9d,694478124ca2718551bebfd2,false,false,Thu Dec 18 2025 21:54:26 GMT+0000 (Coordinated Universal Time),Thu Dec 18 2025 21:54:26 GMT+0000 (Coordinated Universal Time),Fri Dec 19 2025 15:05:55 GMT+0000 (Coordinated Universal Time),Board Member,https://cdn.prod.website-files.com/679d23fc682f2bf860558cbc/67a12a8681b15052211e6889_1592964980753.jpeg,https://x.com/jeffcanadamson,https://www.linkedin.com/in/jeffadamson/,Board,3
Jen Mazzarolo,jen-mazzarolo,679d23fc682f2bf860558cdc,679d23fc682f2bf860558c9d,68dd93f8c09f9ee438b44bbf,false,false,Wed Oct 01 2025 20:50:00 GMT+0000 (Coordinated Universal Time),Thu Mar 05 2026 18:59:43 GMT+0000 (Coordinated Universal Time),Thu Mar 05 2026 19:05:21 GMT+0000 (Coordinated Universal Time),Communications Advisor,https://cdn.prod.website-files.com/679d23fc682f2bf860558cbc/68dd93f737031a4fa4b730ea_Jen_headshot.webp,,https://www.linkedin.com/in/jennifer-mazzarolo-cpa-ca/,Volunteer,10
Jesse Lee,jesse-lee,679d23fc682f2bf860558cdc,679d23fc682f2bf860558c9d,68752f8a630931f6ac70672b,false,false,Mon Jul 14 2025 16:25:46 GMT+0000 (Coordinated Universal Time),Thu Mar 05 2026 18:58:01 GMT+0000 (Coordinated Universal Time),Thu Mar 05 2026 19:05:21 GMT+0000 (Coordinated Universal Time),"Ontario Spends, Exit Tax Calc",https://cdn.prod.website-files.com/679d23fc682f2bf860558cbc/68752fa0b4e3d551439451c2_1571549541062.jpeg,https://x.com/jesseleeonx,https://www.linkedin.com/in/bioguy/,,4
Jevon MacDonald,jevon-macdonald,679d23fc682f2bf860558cdc,679d23fc682f2bf860558c9d,679d23fc682f2bf860558d00,true,false,Fri Jan 24 2025 00:24:46 GMT+0000 (Coordinated Universal Time),Mon Feb 03 2025 17:31:32 GMT+0000 (Coordinated Universal Time),,Co-founder,https://cdn.prod.website-files.com/679d23fc682f2bf860558cbc/679d23fc682f2bf860558cbf_jevon_macdonald.jpeg,https://x.com/jevon,https://www.linkedin.com/in/jevonmacdonald/,,
Joe Canavan,joe-canavan,679d23fc682f2bf860558cdc,679d23fc682f2bf860558c9d,67cf012589b38507761c596c,false,false,Mon Mar 10 2025 15:11:33 GMT+0000 (Coordinated Universal Time),Mon Mar 10 2025 15:24:33 GMT+0000 (Coordinated Universal Time),Wed Jun 18 2025 17:34:55 GMT+0000 (Coordinated Universal Time),Ex-Chairman Children's Aid Fnd,https://cdn.prod.website-files.com/679d23fc682f2bf860558cbc/67cf00f5bc2ec5f3ea1322fc_joe-canavan.jpeg,,https://www.linkedin.com/in/joe-canavan/,,
John Ruffolo,john-ruffolo,679d23fc682f2bf860558cdc,679d23fc682f2bf860558c9d,699629bcb1daca4c05c54825,false,false,Wed Feb 18 2026 21:06:04 GMT+0000 (Coordinated Universal Time),Thu Feb 26 2026 16:51:35 GMT+0000 (Coordinated Universal Time),Thu Mar 05 2026 19:05:21 GMT+0000 (Coordinated Universal Time),Founder Maverix Private Equity,https://cdn.prod.website-files.com/679d23fc682f2bf860558cbc/6996299ae9a47c55bd5ab9f2_joh%20ruffolo.jpeg,,https://www.linkedin.com/in/joruffolo/,,
Jon Lomow,jon-lomow,679d23fc682f2bf860558cdc,679d23fc682f2bf860558c9d,67c0a6a0743a20f14d846559,false,false,Thu Feb 27 2025 17:53:36 GMT+0000 (Coordinated Universal Time),Thu Feb 27 2025 17:53:36 GMT+0000 (Coordinated Universal Time),Wed Jun 18 2025 17:34:55 GMT+0000 (Coordinated Universal Time),Co-Founder Fieldless Farms,https://cdn.prod.website-files.com/679d23fc682f2bf860558cbc/67c0a66b236cdbe8e9b68054_jon-lomow.jpeg,,https://www.linkedin.com/in/jon-lomow/,,
Julie Di Lorenzo,julie-di-lorenzo,679d23fc682f2bf860558cdc,679d23fc682f2bf860558c9d,67e42f2bc7b0849f2f93844d,false,false,Wed Mar 26 2025 16:45:31 GMT+0000 (Coordinated Universal Time),Wed Mar 26 2025 16:45:31 GMT+0000 (Coordinated Universal Time),Wed Jun 18 2025 17:34:55 GMT+0000 (Coordinated Universal Time),Pres. Mirabella Development,https://cdn.prod.website-files.com/679d23fc682f2bf860558cbc/67e42efd3b036dbb802d6ef9_julie.jpeg,,https://www.linkedin.com/in/julie-di-lorenzo-o-ont-gpllm-icd-d-02714989/,,
Justin Sky,justin-sky,679d23fc682f2bf860558cdc,679d23fc682f2bf860558c9d,67a12a868a99a35b03591456,false,false,Mon Feb 03 2025 20:43:50 GMT+0000 (Coordinated Universal Time),Mon Feb 03 2025 20:43:50 GMT+0000 (Coordinated Universal Time),Wed Jun 18 2025 17:34:55 GMT+0000 (Coordinated Universal Time),Co-Founder & CEO Rose Rocket,https://cdn.prod.website-files.com/679d23fc682f2bf860558cbc/67a12a868a99a35b03591446_1588713534700.jpeg,,https://www.linkedin.com/in/jsky/,,
Katherine Homuth,katherine-homuth,679d23fc682f2bf860558cdc,679d23fc682f2bf860558c9d,67a12a8681b15052211e68c6,false,false,Mon Feb 03 2025 20:43:50 GMT+0000 (Coordinated Universal Time),Mon Feb 03 2025 20:43:50 GMT+0000 (Coordinated Universal Time),Wed Jun 18 2025 17:34:55 GMT+0000 (Coordinated Universal Time),Founder & CEO SRTX,https://cdn.prod.website-files.com/679d23fc682f2bf860558cbc/67a12a8681b15052211e6863_1725579148247.jpeg,https://x.com/KatherineHomuth,https://www.linkedin.com/in/katherinehomuth/,,
Kaz Nejatian,kaz-nejatian,679d23fc682f2bf860558cdc,679d23fc682f2bf860558c9d,67a12aff4918bbb5fc351904,false,false,Mon Feb 03 2025 20:45:51 GMT+0000 (Coordinated Universal Time),Mon Feb 03 2025 20:45:51 GMT+0000 (Coordinated Universal Time),Wed Jun 18 2025 17:34:55 GMT+0000 (Coordinated Universal Time),COO Shopify,https://cdn.prod.website-files.com/679d23fc682f2bf860558cbc/67a12af03f41b9fd39103274_kaz-n.jpeg,https://x.com/CanadaKaz,https://www.linkedin.com/in/kasranejatian/,,
Kim G C Moody,kim-g-c-moody,679d23fc682f2bf860558cdc,679d23fc682f2bf860558c9d,69690773f75516084eda8e60,false,false,Thu Jan 15 2026 15:27:47 GMT+0000 (Coordinated Universal Time),Thu Jan 15 2026 16:28:03 GMT+0000 (Coordinated Universal Time),Thu Jan 22 2026 21:06:54 GMT+0000 (Coordinated Universal Time),Founder Moodys tax,https://cdn.prod.website-files.com/679d23fc682f2bf860558cbc/696907705d3abc355cd82c58_image0%20(1).png,,,,
Lin Sok,lin-sok,679d23fc682f2bf860558cdc,679d23fc682f2bf860558c9d,6944766b50b8474cdaeb0801,false,false,Thu Dec 18 2025 21:47:23 GMT+0000 (Coordinated Universal Time),Thu Mar 05 2026 19:04:31 GMT+0000 (Coordinated Universal Time),Thu Mar 05 2026 19:05:21 GMT+0000 (Coordinated Universal Time),Montreal Events,https://cdn.prod.website-files.com/679d23fc682f2bf860558cbc/69447646aff2640188b0075d_1745024638113.jpeg,,https://www.linkedin.com/in/linsok/,,16
Lucy Hargreaves,lucy-hargreaves,679d23fc682f2bf860558cdc,679d23fc682f2bf860558c9d,679d23fc682f2bf860558d02,false,false,Fri Jan 24 2025 00:33:47 GMT+0000 (Coordinated Universal Time),Thu Jun 26 2025 16:46:15 GMT+0000 (Coordinated Universal Time),Thu Jun 26 2025 16:47:22 GMT+0000 (Coordinated Universal Time),Founder Canada Spends,https://cdn.prod.website-files.com/679d23fc682f2bf860558cbc/679d23fc682f2bf860558d04_lucy_hargreaves.jpeg,https://x.com/lucyhargreaves4,https://www.linkedin.com/in/lucyghargreaves/,,
Lucy Hargreaves,lucy-hargreaves-2,679d23fc682f2bf860558cdc,679d23fc682f2bf860558c9d,685d79603a9d5137886a300a,false,false,Thu Jun 26 2025 16:46:24 GMT+0000 (Coordinated Universal Time),Thu Jun 26 2025 16:46:57 GMT+0000 (Coordinated Universal Time),Thu Jun 26 2025 16:47:22 GMT+0000 (Coordinated Universal Time),CEO,https://cdn.prod.website-files.com/679d23fc682f2bf860558cbc/685d79603a9d5137886a301e_lucy.jpeg,https://x.com/lucyhargreaves4,https://www.linkedin.com/in/lucyghargreaves/,Team,1
Luke Farag,luke-farag,679d23fc682f2bf860558cdc,679d23fc682f2bf860558c9d,69a9d0ebd632d92a58acb6d5,false,false,Thu Mar 05 2026 18:52:27 GMT+0000 (Coordinated Universal Time),Thu Mar 05 2026 18:55:41 GMT+0000 (Coordinated Universal Time),Thu Mar 05 2026 19:05:21 GMT+0000 (Coordinated Universal Time),Socials Lead,https://cdn.prod.website-files.com/679d23fc682f2bf860558cbc/69a9d0c7cb6adb66a7c2ef02_Luke.webp,https://x.com/LukeFarag,https://www.linkedin.com/in/lukefarag/,Team,6
Macoy Jackson,macoy-jackson,679d23fc682f2bf860558cdc,679d23fc682f2bf860558c9d,69a9d0b66491640bd0cc5e68,false,false,Thu Mar 05 2026 18:51:34 GMT+0000 (Coordinated Universal Time),Thu Mar 05 2026 18:55:26 GMT+0000 (Coordinated Universal Time),Thu Mar 05 2026 19:05:21 GMT+0000 (Coordinated Universal Time),Head of Operations,https://cdn.prod.website-files.com/679d23fc682f2bf860558cbc/69a9d09546fe2f855ebb8b27_Macoy.webp,https://x.com/macoy_jackson,https://www.linkedin.com/in/macoyjackson/,Team,4
Mamy Rakotomalala,mamy-rakotomalala,679d23fc682f2bf860558cdc,679d23fc682f2bf860558c9d,68efd1986a668ec4fa016cca,false,false,Wed Oct 15 2025 16:53:44 GMT+0000 (Coordinated Universal Time),Thu Mar 05 2026 19:04:16 GMT+0000 (Coordinated Universal Time),Thu Mar 05 2026 19:05:21 GMT+0000 (Coordinated Universal Time),Montreal Events,https://cdn.prod.website-files.com/679d23fc682f2bf860558cbc/68efd1ab322d7540454c5b85_2_MamyKezia-45.webp,,https://www.linkedin.com/in/mamy-rakotomalala-11095834/,,15
Marc Fielding,marc-fielding,679d23fc682f2bf860558cdc,679d23fc682f2bf860558c9d,68dd94843c02b0e0cd81ab77,false,false,Wed Oct 01 2025 20:52:20 GMT+0000 (Coordinated Universal Time),Thu Mar 05 2026 19:00:24 GMT+0000 (Coordinated Universal Time),Thu Mar 05 2026 19:05:21 GMT+0000 (Coordinated Universal Time),Merch Lead,https://cdn.prod.website-files.com/679d23fc682f2bf860558cbc/68dd9476915ebdbe2d5233d0_1664913190600.jpeg,https://x.com/marcwfielding,https://www.linkedin.com/in/marc-fielding-41b0b033/,,12
Marco Martinez,marco-martinez-marty,679d23fc682f2bf860558cdc,679d23fc682f2bf860558c9d,68dd931e3d50be79ac48146c,false,false,Wed Oct 01 2025 20:46:22 GMT+0000 (Coordinated Universal Time),Thu Mar 05 2026 18:58:29 GMT+0000 (Coordinated Universal Time),Thu Mar 05 2026 19:05:21 GMT+0000 (Coordinated Universal Time),Trade Barriers Tracker,https://cdn.prod.website-files.com/679d23fc682f2bf860558cbc/68dd930061d9ca5cbe3e2d7c_IMG-20250917-WA00083.webp,https://x.com/0xsnafuu,,,6
Martin Basiri,martin-basiri,679d23fc682f2bf860558cdc,679d23fc682f2bf860558c9d,67a12a86e07e04774aac0a29,false,false,Mon Feb 03 2025 20:43:50 GMT+0000 (Coordinated Universal Time),Mon Feb 03 2025 20:43:50 GMT+0000 (Coordinated Universal Time),Wed Jun 18 2025 17:34:55 GMT+0000 (Coordinated Universal Time),Founder & CEO Passage,https://cdn.prod.website-files.com/679d23fc682f2bf860558cbc/67a12a86e07e04774aac0a25_1683657097819.jpeg,https://x.com/MartinBasiri,https://www.linkedin.com/in/martinbasiri/,,
Matt Cohen,matt-cohen,679d23fc682f2bf860558cdc,679d23fc682f2bf860558c9d,68790a47358bd7db04bf9a8d,false,false,Thu Jul 17 2025 14:35:51 GMT+0000 (Coordinated Universal Time),Thu Jul 17 2025 18:02:35 GMT+0000 (Coordinated Universal Time),Thu Jul 17 2025 18:02:35 GMT+0000 (Coordinated Universal Time),Founder Ripple Ventures,https://cdn.prod.website-files.com/679d23fc682f2bf860558cbc/68790aba67260893a5603a33_Screenshot%202025-07-09%20at%201.46.27%E2%80%AFPM.png,https://x.com/mattybcohen,https://www.linkedin.com/in/matt-cohen1/,,
Mazyar Mortazavi,mazyar-mortazavi,679d23fc682f2bf860558cdc,679d23fc682f2bf860558c9d,67e2c96261a93db728f5d086,false,false,Tue Mar 25 2025 15:18:58 GMT+0000 (Coordinated Universal Time),Tue Mar 25 2025 15:18:58 GMT+0000 (Coordinated Universal Time),Wed Jun 18 2025 17:34:55 GMT+0000 (Coordinated Universal Time),CEO TAS,https://cdn.prod.website-files.com/679d23fc682f2bf860558cbc/67e2c917c489dee022a462a7_maz.jpeg,,https://www.linkedin.com/in/mazyar-mortazavi-0032155,,
Melody Kuo,melody-kuo,679d23fc682f2bf860558cdc,679d23fc682f2bf860558c9d,679d23fc682f2bf860558d03,false,false,Fri Jan 24 2025 17:22:01 GMT+0000 (Coordinated Universal Time),Thu Mar 05 2026 17:01:55 GMT+0000 (Coordinated Universal Time),Thu Mar 05 2026 19:05:21 GMT+0000 (Coordinated Universal Time),COO,https://cdn.prod.website-files.com/679d23fc682f2bf860558cbc/67a1787ac112aa4305e618c4_IMG_7436%202.jpg,https://x.com/melkuo,https://www.linkedin.com/in/melkuo/,,2
Michael Katchen,michael-katchen,679d23fc682f2bf860558cdc,679d23fc682f2bf860558c9d,67a12b42f65ccc63d43f4c59,false,false,Mon Feb 03 2025 20:46:58 GMT+0000 (Coordinated Universal Time),Mon Feb 03 2025 20:46:58 GMT+0000 (Coordinated Universal Time),Wed Jun 18 2025 17:34:55 GMT+0000 (Coordinated Universal Time),Co-Founder & CEO Wealthsimple,https://cdn.prod.website-files.com/679d23fc682f2bf860558cbc/67a12b3ede24f8ccdf889f7c_mike-katchen.jpeg,https://x.com/mkatchen,https://www.linkedin.com/in/mkatchen/,,
Michael Litt,michael-litt,679d23fc682f2bf860558cdc,679d23fc682f2bf860558c9d,67a12a87d2b2a20e10abd728,false,false,Mon Feb 03 2025 20:43:51 GMT+0000 (Coordinated Universal Time),Mon Feb 03 2025 20:43:51 GMT+0000 (Coordinated Universal Time),Wed Jun 18 2025 17:34:55 GMT+0000 (Coordinated Universal Time),Co-Founder & CEO Vidyard,https://cdn.prod.website-files.com/679d23fc682f2bf860558cbc/67a12a87d2b2a20e10abd71f_1721412427252.jpeg,https://x.com/michaellitt,https://www.linkedin.com/in/michaellitt/,,
Michael Serbinis,michael-serbinis,679d23fc682f2bf860558cdc,679d23fc682f2bf860558c9d,679d23fc682f2bf860558cfe,false,false,Thu Jan 23 2025 16:04:32 GMT+0000 (Coordinated Universal Time),Thu Dec 18 2025 19:53:57 GMT+0000 (Coordinated Universal Time),Fri Dec 19 2025 15:05:55 GMT+0000 (Coordinated Universal Time),CEO and Founder of League,https://cdn.prod.website-files.com/679d23fc682f2bf860558cbc/69445bd3220be034228e0a0c_Michael%20Serbinis%2C%20CEO%2C%20League%20-%20Executive%20Photo%20(1)%20(2).jpg,,,,
Mikaal Naik,mikaal-naik,679d23fc682f2bf860558cdc,679d23fc682f2bf860558c9d,68dd93a47fa5423ecfb7f2a2,false,false,Wed Oct 01 2025 20:48:36 GMT+0000 (Coordinated Universal Time),Thu Mar 05 2026 18:59:05 GMT+0000 (Coordinated Universal Time),Thu Mar 05 2026 19:05:21 GMT+0000 (Coordinated Universal Time),Builder MP,https://cdn.prod.website-files.com/679d23fc682f2bf860558cbc/68dd939328b74cf1f3a1e514_zT-wnCQf_400x400.jpg,https://x.com/mikaalnaik/,https://www.linkedin.com/in/mikaalnaik/,,8
Mike Murchison,mike-murchison,679d23fc682f2bf860558cdc,679d23fc682f2bf860558c9d,67a12a87d0886b63a3b5eb19,false,false,Mon Feb 03 2025 20:43:51 GMT+0000 (Coordinated Universal Time),Mon Feb 03 2025 20:43:51 GMT+0000 (Coordinated Universal Time),Wed Jun 18 2025 17:34:55 GMT+0000 (Coordinated Universal Time),Co-Founder & CEO Ada,https://cdn.prod.website-files.com/679d23fc682f2bf860558cbc/67a12a87d0886b63a3b5eb0e_1687108358492.jpeg,https://x.com/mimurchison,https://www.linkedin.com/in/mikemurchison/,,
Mina Mitry,mina-mitry,679d23fc682f2bf860558cdc,679d23fc682f2bf860558c9d,688a36be8c4226dcdd151a3e,false,false,Wed Jul 30 2025 15:14:06 GMT+0000 (Coordinated Universal Time),Wed Jul 30 2025 16:48:33 GMT+0000 (Coordinated Universal Time),Wed Jul 30 2025 16:48:33 GMT+0000 (Coordinated Universal Time),Co-founder & CEO at Kepler,https://cdn.prod.website-files.com/679d23fc682f2bf860558cbc/688a36f0841f379c7a8172ae_mina-mitry.png,,,,
Nelson Lee,nelson-lee,679d23fc682f2bf860558cdc,679d23fc682f2bf860558c9d,68dd92de64e64bffba144374,false,false,Wed Oct 01 2025 20:45:18 GMT+0000 (Coordinated Universal Time),Thu Mar 05 2026 18:58:48 GMT+0000 (Coordinated Universal Time),Thu Mar 05 2026 19:05:21 GMT+0000 (Coordinated Universal Time),Canada Spends Budget,https://cdn.prod.website-files.com/679d23fc682f2bf860558cbc/68dd92dc66553a84b5f26f68_1707238568161.jpeg,https://x.com/NelsonXLee,https://www.linkedin.com/in/nelson-lee2/,,8
Nic Beique,nic-beique,679d23fc682f2bf860558cdc,679d23fc682f2bf860558c9d,67a12a8797049114375e3a01,true,false,Mon Feb 03 2025 20:43:51 GMT+0000 (Coordinated Universal Time),Thu Feb 06 2025 20:03:05 GMT+0000 (Coordinated Universal Time),,Founder & CEO Helcim,https://cdn.prod.website-files.com/679d23fc682f2bf860558cbc/67a12a8797049114375e39fc_1675535492513.jpeg,,https://www.linkedin.com/in/nicbeique/,,
Peter Carrescia,peter-c,679d23fc682f2bf860558cdc,679d23fc682f2bf860558c9d,68a44b6b16be0afed3ff5e17,false,false,Tue Aug 19 2025 10:01:15 GMT+0000 (Coordinated Universal Time),Wed Aug 20 2025 17:14:20 GMT+0000 (Coordinated Universal Time),Wed Aug 20 2025 20:00:23 GMT+0000 (Coordinated Universal Time),Co-Founder goConfirm,https://cdn.prod.website-files.com/679d23fc682f2bf860558cbc/68a602622d9c98c9b7870f3e_Peter%20Carrescia.png,,,,
Richard Abboud,richard-abboud,679d23fc682f2bf860558cdc,679d23fc682f2bf860558c9d,67e6c2484ee9b5ff0500317e,false,false,Fri Mar 28 2025 15:37:44 GMT+0000 (Coordinated Universal Time),Fri Mar 28 2025 15:37:44 GMT+0000 (Coordinated Universal Time),Wed Jun 18 2025 17:34:55 GMT+0000 (Coordinated Universal Time),Founder & CEO Forum Asset Mgmt,https://cdn.prod.website-files.com/679d23fc682f2bf860558cbc/67e6c24214185e094e5c3ca5_richard-abboud.jpeg,,https://www.linkedin.com/in/richard-abboud/,,
Rob Khazzam,rob-khazzam,679d23fc682f2bf860558cdc,679d23fc682f2bf860558c9d,67a12a87b94cd31f417f10d9,false,false,Mon Feb 03 2025 20:43:51 GMT+0000 (Coordinated Universal Time),Mon Feb 03 2025 20:43:51 GMT+0000 (Coordinated Universal Time),Wed Jun 18 2025 17:34:55 GMT+0000 (Coordinated Universal Time),Co-Founder & CEO Float,https://cdn.prod.website-files.com/679d23fc682f2bf860558cbc/67a12a87b94cd31f417f10c6_1626175043528.jpeg,https://x.com/rkhazzam,https://www.linkedin.com/in/rob-khazzam-a795b211/,,
Ruchish Shah,ruchish-shah,679d23fc682f2bf860558cdc,679d23fc682f2bf860558c9d,68e528abd97750f1c946aa5f,false,false,Tue Oct 07 2025 14:50:19 GMT+0000 (Coordinated Universal Time),Thu Mar 05 2026 18:59:22 GMT+0000 (Coordinated Universal Time),Thu Mar 05 2026 19:05:21 GMT+0000 (Coordinated Universal Time),Where Your Tax Dollars Go,https://cdn.prod.website-files.com/679d23fc682f2bf860558cbc/68e52822f437885c6f371129_BaLlfaKT_400x400.jpg,https://x.com/ruchishshah,https://www.linkedin.com/in/ruchishshah/,,9
Ryan Manucha,ryan-manucha,679d23fc682f2bf860558cdc,679d23fc682f2bf860558c9d,68dd935c46e6df4a9c9d422c,false,false,Wed Oct 01 2025 20:47:24 GMT+0000 (Coordinated Universal Time),Sun Oct 05 2025 22:04:13 GMT+0000 (Coordinated Universal Time),Tue Oct 07 2025 00:06:41 GMT+0000 (Coordinated Universal Time),Trade Barriers Tracker,https://cdn.prod.website-files.com/679d23fc682f2bf860558cbc/68dd9350bd58fdb4132473c1_RManucha_Headshot_.webp,https://x.com/RyanManucha,https://www.linkedin.com/in/ryan-manucha-a914a7a1/,Volunteer,7
Sam Silver,sam-silver,679d23fc682f2bf860558cdc,679d23fc682f2bf860558c9d,69447751f17f041f518bc1b4,false,false,Thu Dec 18 2025 21:51:13 GMT+0000 (Coordinated Universal Time),Thu Mar 05 2026 19:02:26 GMT+0000 (Coordinated Universal Time),Thu Mar 05 2026 19:05:21 GMT+0000 (Coordinated Universal Time),Halifax Reading Group Host,https://cdn.prod.website-files.com/679d23fc682f2bf860558cbc/6944774602e1f17cd09f285e_1738174799739.jpeg,,https://www.linkedin.com/in/sam-eugene-silver/,,18
Satish Kanwar,satish-kanwar,679d23fc682f2bf860558cdc,679d23fc682f2bf860558c9d,67a12a8747b6ef581cb257e5,false,false,Mon Feb 03 2025 20:43:51 GMT+0000 (Coordinated Universal Time),Tue Feb 04 2025 15:58:50 GMT+0000 (Coordinated Universal Time),Wed Jun 18 2025 17:34:55 GMT+0000 (Coordinated Universal Time),Co-Founder Good Future,https://cdn.prod.website-files.com/679d23fc682f2bf860558cbc/67a12a8747b6ef581cb257d8_1701014912978.jpeg,https://x.com/skanwar,https://www.linkedin.com/in/skanwar/,,
Shane Parrish,shane-parrish,679d23fc682f2bf860558cdc,679d23fc682f2bf860558c9d,67a12a88b94cd31f417f10e2,false,false,Mon Feb 03 2025 20:43:52 GMT+0000 (Coordinated Universal Time),Mon Feb 03 2025 20:43:52 GMT+0000 (Coordinated Universal Time),Wed Jun 18 2025 17:34:55 GMT+0000 (Coordinated Universal Time),Founder Farnam Street,https://cdn.prod.website-files.com/679d23fc682f2bf860558cbc/67a12a87b94cd31f417f10d5_1680527374946.jpeg,https://x.com/ShaneAParrish,https://www.linkedin.com/in/shane-parrish-050a2183/,,
Shaun Francis,shaun-francis,679d23fc682f2bf860558cdc,679d23fc682f2bf860558c9d,67eaa44d660533fcb3816d44,false,false,Mon Mar 31 2025 14:18:53 GMT+0000 (Coordinated Universal Time),Mon Mar 31 2025 14:18:53 GMT+0000 (Coordinated Universal Time),Wed Jun 18 2025 17:34:55 GMT+0000 (Coordinated Universal Time),Chair & CEO Medcan,https://cdn.prod.website-files.com/679d23fc682f2bf860558cbc/67eaa4484930467af4b37329_shaun-francis.jpeg,,https://www.linkedin.com/in/shauncfrancis/,,
Shawn Price,shawn-price,679d23fc682f2bf860558cdc,679d23fc682f2bf860558c9d,6969945f90ed69db938f7edf,false,false,Fri Jan 16 2026 01:29:03 GMT+0000 (Coordinated Universal Time),Thu Mar 05 2026 19:03:39 GMT+0000 (Coordinated Universal Time),Thu Mar 05 2026 19:05:21 GMT+0000 (Coordinated Universal Time),Product Builder,https://cdn.prod.website-files.com/679d23fc682f2bf860558cbc/69699436180fbd3538414165_rcqf6Hdl_400x400.jpg,https://x.com/sprice,,,9
Som Seif,som-seif,679d23fc682f2bf860558cdc,679d23fc682f2bf860558c9d,67a12a88eb3df30ef64fd91b,false,false,Mon Feb 03 2025 20:43:52 GMT+0000 (Coordinated Universal Time),Wed Mar 19 2025 23:55:35 GMT+0000 (Coordinated Universal Time),Wed Jun 18 2025 17:34:55 GMT+0000 (Coordinated Universal Time),Founder Purpose Unlimited,https://cdn.prod.website-files.com/679d23fc682f2bf860558cbc/67a12a87eb3df30ef64fd916_1570026127463.jpeg,,https://www.linkedin.com/in/som-seif-29bb66/,,
Stephen Lake,stephen-lake,679d23fc682f2bf860558cdc,679d23fc682f2bf860558c9d,67a12a8888e6a2477d8967fc,false,false,Mon Feb 03 2025 20:43:52 GMT+0000 (Coordinated Universal Time),Mon Feb 03 2025 20:48:42 GMT+0000 (Coordinated Universal Time),Wed Jun 18 2025 17:34:55 GMT+0000 (Coordinated Universal Time),"Founder Jetson, Founder North",https://cdn.prod.website-files.com/679d23fc682f2bf860558cbc/67a12a8888e6a2477d8967dc_1705087831939.jpeg,https://x.com/srlake,https://www.linkedin.com/in/slake/,,
Stewart Lyons,stewart-lyons,679d23fc682f2bf860558cdc,679d23fc682f2bf860558c9d,67a12a88f53afdb0da334e83,false,false,Mon Feb 03 2025 20:43:52 GMT+0000 (Coordinated Universal Time),Mon Feb 03 2025 20:43:52 GMT+0000 (Coordinated Universal Time),Wed Jun 18 2025 17:34:55 GMT+0000 (Coordinated Universal Time),CEO Bird,https://cdn.prod.website-files.com/679d23fc682f2bf860558cbc/67a12a88f53afdb0da334e72_1731429223135.jpeg,https://x.com/stewartlyons,https://www.linkedin.com/in/stewartlyons/,,
Tobi Lutke,tobi-lutke,679d23fc682f2bf860558cdc,679d23fc682f2bf860558c9d,67a0ff8ac8809ae1ec20cc2b,false,false,Mon Feb 03 2025 17:40:26 GMT+0000 (Coordinated Universal Time),Mon Feb 03 2025 23:55:44 GMT+0000 (Coordinated Universal Time),Wed Jun 18 2025 17:34:55 GMT+0000 (Coordinated Universal Time),Co-Founder & CEO Shopify,https://cdn.prod.website-files.com/679d23fc682f2bf860558cbc/67a0ff86bab6add17dad0e2f_tobi.jpg,https://x.com/tobi,https://www.linkedin.com/in/tobiaslutke/,,
Toby Shannan,toby-shannon,679d23fc682f2bf860558cdc,679d23fc682f2bf860558c9d,67c9d5ac3f7e606a35b33aa4,false,false,Thu Mar 06 2025 17:04:44 GMT+0000 (Coordinated Universal Time),Thu Mar 06 2025 17:15:56 GMT+0000 (Coordinated Universal Time),Wed Jun 18 2025 17:34:55 GMT+0000 (Coordinated Universal Time),Former COO Shopify,https://cdn.prod.website-files.com/679d23fc682f2bf860558cbc/67c9d578357db028dd7df2db_toby-shannon.jpg,,,,
Todd Scheidt,todd-scheidt,679d23fc682f2bf860558cdc,679d23fc682f2bf860558c9d,67ae1e7c9c6f88bb86c14e06,false,false,Thu Feb 13 2025 16:31:56 GMT+0000 (Coordinated Universal Time),Thu Feb 13 2025 16:31:56 GMT+0000 (Coordinated Universal Time),Wed Jun 18 2025 17:34:55 GMT+0000 (Coordinated Universal Time),Volunteer,https://cdn.prod.website-files.com/679d23fc682f2bf860558cbc/67ae1e59ab2752197a7a337d_1725828479445.jpeg,https://x.com/tscheidt,https://www.linkedin.com/in/toddscheidt/,,
Wayne Pommen,wayne-pommen,679d23fc682f2bf860558cdc,679d23fc682f2bf860558c9d,67a12a88a619e20486f80df5,false,false,Mon Feb 03 2025 20:43:52 GMT+0000 (Coordinated Universal Time),Tue Feb 04 2025 19:58:36 GMT+0000 (Coordinated Universal Time),Wed Jun 18 2025 17:34:55 GMT+0000 (Coordinated Universal Time),"CRO Affirm, Ex-CEO PayBright",https://cdn.prod.website-files.com/679d23fc682f2bf860558cbc/67a12a88a619e20486f80dde_1544638578871.jpeg,https://x.com/WaynePommen,https://www.linkedin.com/in/wayne-pommen-8844021/,,
Zander Fraser,zander-fraser,679d23fc682f2bf860558cdc,679d23fc682f2bf860558c9d,68dd90e7cc1795ec73523632,false,true,Wed Oct 01 2025 20:36:55 GMT+0000 (Coordinated Universal Time),Thu Mar 05 2026 18:39:35 GMT+0000 (Coordinated Universal Time),Fri Dec 19 2025 15:05:55 GMT+0000 (Coordinated Universal Time),Head of Community,https://cdn.prod.website-files.com/679d23fc682f2bf860558cbc/68dd90cdbd58fdb41323ca57_zander.webp,https://x.com/zandertoo,https://www.linkedin.com/in/zmfraser/,Team,3
Zara Safsovski,zara-safsovski,679d23fc682f2bf860558cdc,679d23fc682f2bf860558c9d,68dd94e8c79486902061d0b7,false,true,Wed Oct 01 2025 20:54:00 GMT+0000 (Coordinated Universal Time),Thu Mar 05 2026 19:01:09 GMT+0000 (Coordinated Universal Time),Thu Mar 05 2026 19:01:09 GMT+0000 (Coordinated Universal Time),Ottawa Chapter Lead,https://cdn.prod.website-files.com/679d23fc682f2bf860558cbc/68dd94af094e23eb531ca789_Zara.webp,,https://www.linkedin.com/in/zarasafsovski/,,14
Zita Cobb,zita-cobb,679d23fc682f2bf860558cdc,679d23fc682f2bf860558c9d,689e0583fc8b79aebf512687,false,false,Thu Aug 14 2025 15:49:23 GMT+0000 (Coordinated Universal Time),Thu Aug 14 2025 15:50:19 GMT+0000 (Coordinated Universal Time),Thu Aug 14 2025 16:31:28 GMT+0000 (Coordinated Universal Time),Co-Founder and CEO Shorefast,https://cdn.prod.website-files.com/679d23fc682f2bf860558cbc/689e05ad8f03354b35ae6fc7_Social%20Embedds%20Image%20(1).png,,,,
